{"cameraMode":{"drawMode":0,"name":"Shaded","section":"Shading Mode"},"sceneLighting":true,"audioPlay":false,"sceneViewState":{"m_AlwaysRefresh":false,"showFog":true,"showSkybox":true,"showFlares":true,"showImageEffects":true,"showParticleSystems":true,"showVisualEffectGraphs":true,"m_FxEnabled":true},"in2DMode":false,"pivot":{"x":-0.3167541027069092,"y":0.7169572114944458,"z":0.35500001907348635},"rotation":{"x":-0.17637090384960175,"y":0.6637528538703919,"z":-0.16539599001407624,"w":-0.7077958583831787},"size":3.488508462905884,"orthographic":false}